transaction,,,,,,,,,
Desk Top, Printer, Flash Drive, Microsoft Office, Speakers, Anti-Virus,,,,
Lab Top, Flash Drive, Microsoft Office, Lab Top Case, Anti-Virus,,,,,
Lab Top, Printer, Flash Drive, Microsoft Office, Anti-Virus, Lab Top Case, External Hard-Drive,,,
Lab Top, Printer, Flash Drive, Anti-Virus, External Hard-Drive, Lab Top Case,,,,
Lab Top, Flash Drive, Lab Top Case, Anti-Virus,,,,,,
Lab Top, Printer, Flash Drive, Microsoft Office,,,,,,
Desk Top, Printer, Flash Drive, Microsoft Office,,,,,,
Lab Top, External Hard-Drive, Anti-Virus,,,,,,,
Desk Top, Printer, Flash Drive, Microsoft Office, Lab Top Case, Anti-Virus, Speakers, External Hard-Drive,,
Digital Camera , Lab Top, Desk Top, Printer, Flash Drive, Microsoft Office, Lab Top Case, Anti-Virus, External Hard-Drive, Speakers
Lab Top, Desk Top, Lab Top Case, External Hard-Drive, Speakers, Anti-Virus,,,,
Digital Camera , Lab Top, Lab Top Case, External Hard-Drive, Anti-Virus, Speakers,,,,
Digital Camera , Speakers,,,,,,,,
Digital Camera , Desk Top, Printer, Flash Drive, Microsoft Office,,,,,
Printer, Flash Drive, Microsoft Office, Anti-Virus, Lab Top Case, Speakers, External Hard-Drive,,,
Digital Camera, Flash Drive, Microsoft Office, Anti-Virus, Lab Top Case, External Hard-Drive, Speakers,,,
Digital Camera , Lab Top, Lab Top Case,,,,,,,
Digital Camera , Lab Top Case, Speakers,,,,,,,
Digital Camera , Lab Top, Printer, Flash Drive, Microsoft Office, Speakers, Lab Top Case, Anti-Virus,,
Digital Camera , Lab Top, Speakers, Anti-Virus, Lab Top Case,,,,,
